ONE_DAY_PRECIPITATION,ONE_DAY_RAIN,MIN_TEMP,ONE_DAY_SNOW,time,SNOW_ON_THE_GROUND,MAX_TEMP
3.511111111111111,3.511111111111111,1.4166666666666667,0.0,,0.0,5.305555555555555
1.9285714285714286,0.0,-11.821428571428571,1.9285714285714286,,163.64285714285714,-6.678571428571429
1.5599999999999996,0.08,-6.306666666666667,1.8266666666666667,,18.866666666666667,-1.1466666666666667
,,,,,,
